mrd,Rz,Treatment,dafs
-0.9716087015205812,3,Sync1,2
-1.7816292956708937,3,Sync1,4
-4.05758185403876,3,Sync1,7
-5.359589621216658,3,Sync1,9
-6.756953479720162,3,Sync1,11
-7.91809440122458,3,Sync1,14
-9.322813416688208,3,Sync1,16
-9.901687563412326,3,Sync1,18
-11.132854028400466,3,Sync1,21
-11.409155648323107,3,Sync1,23
-11.89850230792723,3,Sync1,25
-11.83261840129136,3,Sync1,28
-12.90628715491406,3,Sync1,30
-12.39861838007162,3,Sync1,32
-12.937981188778137,3,Sync1,35
-13.773247368801185,3,Sync1,37
-13.887547852907648,3,Sync1,39
-14.264054606181872,3,Sync1,42
-14.818775342908497,3,Sync1,44
-1.6151897255641456,8,L-first,2
-2.476222846311017,8,L-first,4
-4.313837416257689,8,L-first,7
-5.268550885738971,8,L-first,9
-6.114192004150446,8,L-first,11
-6.9534828564656,8,L-first,14
-8.186651121326701,8,L-first,16
-8.42865160897227,8,L-first,18
-9.363910893810612,8,L-first,21
-10.327168267576832,8,L-first,23
-10.97501903514546,8,L-first,25
-10.71801910744987,8,L-first,28
-12.208570962942067,8,L-first,30
-11.60989976601561,8,L-first,32
-12.099233599328231,8,L-first,35
-11.99570173383974,8,L-first,37
-11.629368634034863,8,L-first,39
-11.4211532924333,8,L-first,42
-12.157439392839631,8,L-first,44
0,9,Sync2,1
-2.3298878180758185,9,Sync2,4
-4.23710044911688,9,Sync2,6
-4.914782515963778,9,Sync2,8
-6.2694704257451805,9,Sync2,11
-6.579756791934596,9,Sync2,13
-7.34357156145599,9,Sync2,15
-7.430934876196214,9,Sync2,18
-8.912567473554587,9,Sync2,20
-7.991446601644864,9,Sync2,22
-8.735298882860757,9,Sync2,25
-9.22257793564021,9,Sync2,27
-9.665765474991856,9,Sync2,29
-9.236795096344322,9,Sync2,32
-10.156696104024142,9,Sync2,34
-1.0490100825337896,13,Sync1,2
-2.4370474917090688,13,Sync1,4
-4.377513568283793,13,Sync1,7
-5.210632917823332,13,Sync1,9
-5.871154961001746,13,Sync1,11
-6.262026735504029,13,Sync1,14
-7.492402003325089,13,Sync1,16
-7.291722788245378,13,Sync1,18
-7.648139383671461,13,Sync1,21
-8.443445114280983,13,Sync1,23
-9.09073991573423,13,Sync1,25
-8.909720997828233,13,Sync1,28
-10.260292157128625,13,Sync1,30
-9.355400542866557,13,Sync1,32
-10.355748287233691,13,Sync1,35
-11.067064998967298,13,Sync1,37
-11.257971420973073,13,Sync1,39
-12.220360156919748,13,Sync1,42
-13.230318791750683,13,Sync1,44
0,14,F-first,2
-1.10945952225136,14,F-first,4
-2.494335448619128,14,F-first,7
-3.603962003156952,14,F-first,9
-5.329644966103251,14,F-first,11
-5.853276420711606,14,F-first,14
-7.025960073482998,14,F-first,16
-7.959701230483923,14,F-first,18
-9.16484620600939,14,F-first,21
-9.155036597394824,14,F-first,23
-9.945372439022774,14,F-first,25
-10.434045019226287,14,F-first,28
-11.152152701144216,14,F-first,30
-11.06975781421057,14,F-first,32
-11.320429078798933,14,F-first,35
-11.943039648133473,14,F-first,37
-12.350415040232214,14,F-first,39
-12.057458876167503,14,F-first,42
-12.568010960397558,14,F-first,44
-1.5350478889815729,16,Sync1,2
-2.833628249429442,16,Sync1,4
-4.808557160380474,16,Sync1,7
-5.687041773321217,16,Sync1,9
-6.621015008666197,16,Sync1,11
-7.780083249673144,16,Sync1,14
-8.979254470022495,16,Sync1,16
-9.445867533565208,16,Sync1,18
-10.974358226955268,16,Sync1,21
-10.98562703209358,16,Sync1,23
-11.4998934552246,16,Sync1,25
-11.754043887630392,16,Sync1,28
-13.097237438153702,16,Sync1,30
-12.456812797063789,16,Sync1,32
-13.023498060725313,16,Sync1,35
-13.45472983097549,16,Sync1,37
-14.084749497378242,16,Sync1,39
-14.960846543613842,16,Sync1,42
-15.657531311355363,16,Sync1,44
0,18,G-first,2
0,18,G-first,4
-2.1586112090679888,18,G-first,7
-2.1663114389855154,18,G-first,9
-4.352279697751491,18,G-first,11
-3.8651808345867344,18,G-first,14
-5.326538437658846,18,G-first,16
-5.72847371718197,18,G-first,18
-4.943208278797107,18,G-first,21
-5.705112251724782,18,G-first,23
-6.3377556150553644,18,G-first,25
-6.274854369286871,18,G-first,28
-7.647083919493594,18,G-first,30
-7.045311991384646,18,G-first,32
-7.842702125663489,18,G-first,35
-8.668131988540216,18,G-first,37
-8.976712492138482,18,G-first,39
-9.54019464468947,18,G-first,42
-10.333059048121054,18,G-first,44
0,19,F-first,2
-1.0460973298543896,19,F-first,4
-3.138996988417833,19,F-first,7
-4.590526289465887,19,F-first,9
-5.825146651265115,19,F-first,11
-5.694457077962591,19,F-first,14
-7.374662047746024,19,F-first,16
-7.564222031717288,19,F-first,18
-8.680898954324862,19,F-first,21
-9.006149804537968,19,F-first,23
-10.021114428794858,19,F-first,25
-10.045530069154692,19,F-first,28
-11.473161000864886,19,F-first,30
-11.172798332611816,19,F-first,32
-11.601411442356746,19,F-first,35
-12.142536759381262,19,F-first,37
-12.369687827148333,19,F-first,39
-12.76882438381704,19,F-first,42
-13.365846513862056,19,F-first,44
-1.140195860978665,22,Sync1,2
-1.9476062435492305,22,Sync1,4
-3.618837772889858,22,Sync1,7
-4.4705095094192275,22,Sync1,9
-5.240109638632875,22,Sync1,11
-5.772702144171424,22,Sync1,14
-6.808110965074577,22,Sync1,16
-6.661958073522572,22,Sync1,18
-7.345321110890014,22,Sync1,21
-7.981331887353776,22,Sync1,23
-8.416616721382985,22,Sync1,25
-8.550589177766081,22,Sync1,28
-9.90237455633888,22,Sync1,30
-9.759016527114811,22,Sync1,32
-10.349153384553356,22,Sync1,35
-10.896452190296776,22,Sync1,37
-11.365361791887208,22,Sync1,39
-11.572850303554734,22,Sync1,42
-12.229228457555555,22,Sync1,44
0,23,F-first,2
-1.939955825603356,23,F-first,4
-3.8480391047143905,23,F-first,7
-5.443361903621546,23,F-first,9
-5.890264023590257,23,F-first,11
-5.626036484654455,23,F-first,14
-7.384387668249042,23,F-first,16
-7.23189498585037,23,F-first,18
-7.139576537952417,23,F-first,21
-7.196972080257951,23,F-first,23
-7.423942185166716,23,F-first,25
-7.797721451513746,23,F-first,28
-9.19428110831863,23,F-first,30
-8.709763791972467,23,F-first,32
-9.409300072397496,23,F-first,35
-10.001951109190694,23,F-first,37
-10.340140859839403,23,F-first,39
-10.900209817389184,23,F-first,42
-11.507201665546352,23,F-first,44
0,25,G-first,2
0,25,G-first,4
-2.9263206553314554,25,G-first,7
-3.123381993039897,25,G-first,9
-4.729263694034889,25,G-first,11
-4.515993683090771,25,G-first,14
-5.710465880615287,25,G-first,16
-5.70390350583804,25,G-first,18
-6.124372613511267,25,G-first,21
-5.988837373486781,25,G-first,23
-6.344643240611685,25,G-first,25
-6.775019992571603,25,G-first,28
-7.876555759774827,25,G-first,30
-7.552486314872514,25,G-first,32
-7.966638194562968,25,G-first,35
-8.809418884312068,25,G-first,37
-9.06685468989581,25,G-first,39
-9.759916822925684,25,G-first,42
-10.409724628743144,25,G-first,44
-0.9422737653038744,26,L-first,2
-2.620996474020789,26,L-first,4
-4.825716757648446,26,L-first,7
-5.719972070453677,26,L-first,9
-6.483645189717354,26,L-first,11
-6.955098134095622,26,L-first,14
-8.043268244744052,26,L-first,16
-8.318839829695893,26,L-first,18
-9.963858332942042,26,L-first,21
-11.128593487057746,26,L-first,23
-12.281101500375982,26,L-first,25
-12.607833706042756,26,L-first,28
-14.080814044295089,26,L-first,30
-13.188586231487813,26,L-first,32
-13.68679072653525,26,L-first,35
-14.49924739440781,26,L-first,37
-14.823543172396471,26,L-first,39
-15.84088365812854,26,L-first,42
-16.681395087750804,26,L-first,44
-0.9643552373580696,29,L-first,2
-2.2798085816553413,29,L-first,4
-4.456369797841719,29,L-first,7
-5.691030655011961,29,L-first,9
-6.58392210535703,29,L-first,11
-7.293772922062366,29,L-first,14
-8.277802504422827,29,L-first,16
-8.3023426976418655,29,L-first,18
-9.185422696991324,29,L-first,21
-10.113196065689465,29,L-first,23
-11.131341254026268,29,L-first,25
-11.078409498224865,29,L-first,28
-12.338231748452037,29,L-first,30
-10.796459865306582,29,L-first,32
-11.293325312651952,29,L-first,35
-11.388631874274187,29,L-first,37
-10.958215578734087,29,L-first,39
-11.09650344789564,29,L-first,42
-11.722981549984096,29,L-first,44
0,30,G-first,2
0,30,G-first,4
-2.5631881053635555,30,G-first,7
-3.3969668315902197,30,G-first,9
-4.078172166400662,30,G-first,11
-3.365237619975479,30,G-first,14
-3.1137004649127653,30,G-first,16
-3.187531939534824,30,G-first,18
-4.67954154387378,30,G-first,21
-5.149937989215277,30,G-first,23
-5.544068127875347,30,G-first,25
-5.586064158944229,30,G-first,28
-7.300095733740883,30,G-first,30
-6.481291876587353,30,G-first,32
-6.892030293482064,30,G-first,35
-7.634332896883678,30,G-first,37
-7.862509250049185,30,G-first,39
-8.733508573636009,30,G-first,42
-9.413231360836647,30,G-first,44
-1.5581498473634596,31,L-first,2
-3.0211447431890033,31,L-first,4
-4.977865003246335,31,L-first,7
-6.003097871501385,31,L-first,9
-6.692296421667908,31,L-first,11
-7.264549145383373,31,L-first,14
-8.052774229186001,31,L-first,16
-7.7896595816905725,31,L-first,18
-8.413540571404319,31,L-first,21
-8.964430415633261,31,L-first,23
-9.651510832104718,31,L-first,25
-9.742181947644212,31,L-first,28
-10.886671304813822,31,L-first,30
-9.494815141236495,31,L-first,32
-9.13089092336188,31,L-first,35
-9.437420856391933,31,L-first,37
-8.91153592925681,31,L-first,39
-8.915556077527912,31,L-first,42
-9.178657844847482,31,L-first,44
0,37,F-first,2
0,37,F-first,4
-2.5407639099408854,37,F-first,7
-3.5962606232632863,37,F-first,9
-5.506731095259751,37,F-first,11
-5.881647097349066,37,F-first,14
-6.875567204244327,37,F-first,16
-7.171844615551745,37,F-first,18
-7.931119039119302,37,F-first,21
-8.213674485844093,37,F-first,23
-8.7785924794079655,37,F-first,25
-8.822631773825629,37,F-first,28
-10.191644048571426,37,F-first,30
-9.30996234602552,37,F-first,32
-9.594790054603674,37,F-first,35
-10.042042672213304,37,F-first,37
-10.100218975978304,37,F-first,39
-10.622318924781007,37,F-first,42
-11.24121167208584,37,F-first,44
0,38,G-first,2
0,38,G-first,4
-2.180008647997967,38,G-first,7
-3.1045841133058003,38,G-first,9
-3.764028994985495,38,G-first,11
-3.7517740532109944,38,G-first,14
-4.7775106492033546,38,G-first,16
-5.3423140387719386,38,G-first,18
-5.843443748777745,38,G-first,21
-5.848891420602476,38,G-first,23
-6.200990224214351,38,G-first,25
-6.201526278112004,38,G-first,28
-7.639073940201696,38,G-first,30
-6.854910233756149,38,G-first,32
-7.195895083271982,38,G-first,35
-7.866088312692155,38,G-first,37
-8.012615316349509,38,G-first,39
-8.422123271428646,38,G-first,42
-9.238104326929369,38,G-first,44
-0.9320472998746662,39,L-first,2
-1.8928254816564247,39,L-first,4
-3.65066183486,39,L-first,7
-4.58780108395248,39,L-first,9
-5.808237205819893,39,L-first,11
-7.153057896295165,39,L-first,14
-8.33804275989016,39,L-first,16
-8.30159210279932,39,L-first,18
-9.371762593504284,39,L-first,21
-10.449112505729634,39,L-first,23
-11.496658480319772,39,L-first,25
-11.79438924037724,39,L-first,28
-13.506310119648504,39,L-first,30
-12.72095552551284,39,L-first,32
-12.717710717181852,39,L-first,35
-13.002778369293328,39,L-first,37
-13.419451998990697,39,L-first,39
-14.263044565538454,39,L-first,42
-15.32580473664308,39,L-first,44
0,40,Sync2,1
-1.6995478755934357,40,Sync2,4
-3.4209585699082363,40,Sync2,6
-3.977190150431893,40,Sync2,8
-5.342899868220864,40,Sync2,11
-5.752783817078178,40,Sync2,13
-6.165699605444515,40,Sync2,15
-6.4991066435897,40,Sync2,18
-7.662791282569237,40,Sync2,20
-6.942290857230265,40,Sync2,22
-7.208053320310403,40,Sync2,25
-7.525312301093021,40,Sync2,27
-7.870900655360671,40,Sync2,29
-8.25997999469473,40,Sync2,32
-8.817058157984484,40,Sync2,34
-1.269795592760315,42,Sync1,2
-1.7778968114611455,42,Sync1,4
-3.815795308462643,42,Sync1,7
-5.086214651902715,42,Sync1,9
-6.465916765065787,42,Sync1,11
-7.312579222886212,42,Sync1,14
-9.226995758585671,42,Sync1,16
-9.68371471433814,42,Sync1,18
-10.821310135434624,42,Sync1,21
-10.95210352181744,42,Sync1,23
-11.884479398720272,42,Sync1,25
-12.443520662691917,42,Sync1,28
-13.5675717320631,42,Sync1,30
-13.251142085461936,42,Sync1,32
-14.04372682139177,42,Sync1,35
-14.634730030653028,42,Sync1,37
-15.266507408867469,42,Sync1,39
-15.945613676314322,42,Sync1,42
-16.12564570606837,42,Sync1,44
-0.3922379526649685,43,Sync1,2
-1.2643636100810478,43,Sync1,4
-2.8504277799597535,43,Sync1,7
-3.727806920512097,43,Sync1,9
-5.085747901319284,43,Sync1,11
-6.174354374904206,43,Sync1,14
-7.346592604497627,43,Sync1,16
-7.306786962376585,43,Sync1,18
-7.637906676568392,43,Sync1,21
-7.988112354224793,43,Sync1,23
-8.716246092284543,43,Sync1,25
-9.209819757129628,43,Sync1,28
-10.261225839432644,43,Sync1,30
-9.96110951633744,43,Sync1,32
-10.13323098730711,43,Sync1,35
-10.61976448243366,43,Sync1,37
-10.963732892883858,43,Sync1,39
-11.54659785339871,43,Sync1,42
-12.18872137274998,43,Sync1,44
0,44,G-first,2
-0.1397480316621578,44,G-first,4
-2.998997994842062,44,G-first,7
-3.382744774164799,44,G-first,9
-4.319196158362668,44,G-first,11
-3.9253644943328503,44,G-first,14
-5.249723007488986,44,G-first,16
-5.529984449648416,44,G-first,18
-6.615506731347254,44,G-first,21
-6.48636524052355,44,G-first,23
-6.820339177965174,44,G-first,25
-6.793394106985354,44,G-first,28
-8.255764291353952,44,G-first,30
-7.510876304764472,44,G-first,32
-8.065274154574835,44,G-first,35
-8.642898066798182,44,G-first,37
-8.957603981557922,44,G-first,39
-9.416917527035428,44,G-first,42
-10.207285342146614,44,G-first,44
0,48,Sync2,1
-2.200011870112357,48,Sync2,4
-4.120483838190663,48,Sync2,6
-4.4693935904803634,48,Sync2,8
-5.568302949086131,48,Sync2,11
-6.352249248966794,48,Sync2,13
-7.197403075934848,48,Sync2,15
-7.619441313568435,48,Sync2,18
-9.362401762855509,48,Sync2,20
-9.326615495168912,48,Sync2,22
-10.03028793227457,48,Sync2,25
-11.066272151869253,48,Sync2,27
-11.584807604774168,48,Sync2,29
-12.434316170192805,48,Sync2,32
-13.4986338818954,48,Sync2,34
0,49,F-first,2
-0.7598752136713502,49,F-first,4
-2.179414651230919,49,F-first,7
-3.9030582539455447,49,F-first,9
-5.150915090274792,49,F-first,11
-6.739674928392759,49,F-first,14
-8.737068669145637,49,F-first,16
-8.438331141064745,49,F-first,18
-8.753736920289507,49,F-first,21
-9.519821912824238,49,F-first,23
-10.231609458724916,49,F-first,25
-10.719773282919167,49,F-first,28
-12.255563974461433,49,F-first,30
-11.937023484799411,49,F-first,32
-12.021714857946392,49,F-first,35
-12.386634746407102,49,F-first,37
-12.4699651982494,49,F-first,39
-12.778879971077975,49,F-first,42
-13.32587626171491,49,F-first,44
0,53,Sync2,1
-2.182629832256676,53,Sync2,4
-3.9474491248971377,53,Sync2,6
-4.496790427832752,53,Sync2,8
-6.20726727935458,53,Sync2,11
-7.162168033009043,53,Sync2,13
-8.260599166455842,53,Sync2,15
-9.372295435087208,53,Sync2,18
-10.981282033958715,53,Sync2,20
-10.217308972437626,53,Sync2,22
-10.514533981102105,53,Sync2,25
-10.94736339185077,53,Sync2,27
-11.124921615748724,53,Sync2,29
-10.978828121334312,53,Sync2,32
-11.830738404909477,53,Sync2,34
0,57,Sync2,1
-2.5720895874924863,57,Sync2,4
-4.088752990471976,57,Sync2,6
-4.4329808517641265,57,Sync2,8
-5.852533892520719,57,Sync2,11
-6.682399149272434,57,Sync2,13
-7.154450467521189,57,Sync2,15
-7.046885849523965,57,Sync2,18
-8.178981937645817,57,Sync2,20
-7.362018232206814,57,Sync2,22
-7.310953695504044,57,Sync2,25
-7.74935431325359,57,Sync2,27
-7.625473954833188,57,Sync2,29
-7.6933981984385404,57,Sync2,32
-8.16120662267004,57,Sync2,34
-1.3716530965694775,130,Sync1,2
-3.171490314842705,130,Sync1,4
-5.771783254832991,130,Sync1,7
-6.946771258856959,130,Sync1,9
-7.037346194372419,130,Sync1,11
-7.489083670889855,130,Sync1,14
-8.883633606772534,130,Sync1,16
-8.727531331373537,130,Sync1,18
-8.597336423075959,130,Sync1,21
-8.644114500492538,130,Sync1,23
-9.188503587959294,130,Sync1,25
-9.259235372739449,130,Sync1,28
-10.992266254823049,130,Sync1,30
-10.037504438026703,130,Sync1,32
-10.524276202755456,130,Sync1,35
-11.276644073076724,130,Sync1,37
-11.74668526414075,130,Sync1,39
-12.514540072187485,130,Sync1,42
-13.231567010860886,130,Sync1,44
0,131,F-first,2
-1.3635768003395143,131,F-first,4
-4.3029932706089316,131,F-first,7
-5.153641695010316,131,F-first,9
-6.348109028052231,131,F-first,11
-5.839496310771198,131,F-first,14
-7.047006553015738,131,F-first,16
-7.338984442942344,131,F-first,18
-8.01774926610704,131,F-first,21
-8.240296285211512,131,F-first,23
-8.851022711826028,131,F-first,25
-8.686685883143312,131,F-first,28
-10.021702117289486,131,F-first,30
-9.040066703766271,131,F-first,32
-9.19511236910972,131,F-first,35
-9.721632555703074,131,F-first,37
-9.494967217966716,131,F-first,39
-9.8812797697972,131,F-first,42
-10.630792682029298,131,F-first,44
-1.4680050602811183,135,L-first,2
-2.9674279380785276,135,L-first,4
-4.888290311720147,135,L-first,7
-5.044277713616731,135,L-first,9
-5.398632473947071,135,L-first,11
-6.351066618904414,135,L-first,14
-7.399023967760435,135,L-first,16
-7.731115354149104,135,L-first,18
-9.243724082529154,135,L-first,21
-10.069162071409766,135,L-first,23
-11.094764491678822,135,L-first,25
-11.033685988702828,135,L-first,28
-11.999842529914575,135,L-first,30
-10.978225389407209,135,L-first,32
-10.658696740389953,135,L-first,35
-11.149581019559022,135,L-first,37
-10.861034876939424,135,L-first,39
-10.253021823957848,135,L-first,42
-10.788353215223534,135,L-first,44
0,136,G-first,2
0,136,G-first,4
-2.373048316374949,136,G-first,7
-3.0251996429407737,136,G-first,9
-3.486371894348681,136,G-first,11
-3.82592939248071,136,G-first,14
-4.791597494744906,136,G-first,16
-4.614601564761323,136,G-first,18
-5.011765327311012,136,G-first,21
-5.922603341124975,136,G-first,23
-6.469195209250442,136,G-first,25
-6.572112630378972,136,G-first,28
-8.067574267963655,136,G-first,30
-7.45748730455851,136,G-first,32
-7.698734759220503,136,G-first,35
-8.064688425108855,136,G-first,37
-8.364735627896573,136,G-first,39
-8.941033431849034,136,G-first,42
-9.81296664954116,136,G-first,44
