plotcode,country,species richness,species richness threatened,Beals species pool (all species),Beals species pool (threatened species),Species pool ratio,N_vascular_plants,P_vascular_plants,K_vascular_plants,NP_vascular_plants,NK_vascular_plants,KP_vascular_plants
bl_B1,Belarus,8,4,60,26,0.43,11.52,0.97,14.66,11.83,0.79,15.07
bl_B10,Belarus,8,0,68,7,0.1,16.52,1.86,10.2,8.9,1.62,5.49
bl_B2,Belarus,11,4,63,25,0.4,15.18,2.04,18.46,7.44,0.82,9.06
bl_B3,Belarus,10,4,61,26,0.43,10.1,1.16,12.97,8.71,0.78,11.19
bl_B4,Belarus,10,3,64,13,0.2,23.46,2.18,18.56,10.77,1.26,8.52
bl_B5,Belarus,16,8,67,26,0.39,13.82,2.03,20.86,6.81,0.66,10.29
bl_B6,Belarus,15,7,62,24,0.39,12.68,2.29,8.87,5.54,1.43,3.87
bl_B7,Belarus,5,4,23,17,0.74,11.47,0.59,5.89,19.5,1.95,10.02
bl_B8,Belarus,21,4,61,6,0.1,13.71,2.31,8.8,5.94,1.56,3.81
bl_B9,Belarus,5,1,59,14,0.24,14.99,1.43,9.41,10.52,1.59,6.6
nt_ZW01,Belgium,10,7,29,19,0.66,18.6,0.53,5.94,35.09,3.13,11.21
nt_ZW04,Belgium,23,2,71,7,0.1,14.88,2.45,10.39,6.07,1.43,4.24
nt_ZW05,Belgium,24,2,65,9,0.14,15.89,2.4,6.54,6.62,2.43,2.73
nt_ZW06,Belgium,26,1,66,6,0.09,17.05,2.36,6.61,7.22,2.58,2.8
nt_ZW07,Belgium,31,4,65,10,0.15,15.27,2.16,11.13,7.07,1.37,5.15
nt_ZW08,Belgium,21,4,64,13,0.2,17,2.37,14.29,7.17,1.19,6.03
nt_ZW09,Belgium,25,3,65,13,0.2,18.15,2.49,18.36,7.29,0.99,7.37
nt_ZW10,Belgium,32,1,70,8,0.11,14.72,2.42,18.7,6.08,0.79,7.73
nt_ZW11,Belgium,27,2,69,13,0.19,14.24,2.36,12.94,6.03,1.1,5.48
nt_ZW12,Belgium,20,2,67,12,0.18,16.92,2.1,12.55,8.06,1.35,5.98
nt_ZW13,Belgium,22,1,70,9,0.13,14.83,1.89,13.73,7.85,1.08,7.26
nt_ZW14,Belgium,26,2,68,13,0.19,18.47,2.02,9.83,9.14,1.88,4.87
nt_ZW15,Belgium,22,2,67,10,0.15,15.23,2.14,8.44,7.12,1.8,3.94
nt_ZW16,Belgium,21,1,64,5,0.08,13.78,2.29,5.61,6.02,2.46,2.45
nt_ZW17,Belgium,20,2,65,3,0.05,12.73,1.77,6.34,7.19,2.01,3.58
nt_ZW18,Belgium,20,3,66,4,0.06,19.73,2.29,10.71,8.62,1.84,4.68
nt_ZW19,Belgium,19,2,70,4,0.06,19.47,2.63,14.35,7.4,1.36,5.46
nt_ZW20,Belgium,29,2,68,12,0.18,14.9,2.17,15.74,6.87,0.95,7.25
nt_ZW21,Belgium,22,2,67,11,0.16,12.72,1,8.11,12.72,1.57,8.11
nt_ZW22,Belgium,16,1,75,6,0.08,15.45,2.67,17.13,5.79,0.9,6.42
hb_V1,Germany,52,20,85,33,0.39,16.34,0.9,20.47,18.21,0.8,22.81
hb_V10,Germany,66,26,98,42,0.43,18.7,0.88,8.45,21.2,2.21,9.58
hb_V11,Germany,55,19,92,38,0.41,20.99,0.79,8.22,26.71,2.55,10.47
hb_V12,Germany,51,18,89,35,0.39,18.83,0.76,8.94,24.67,2.11,11.71
hb_V13,Germany,51,16,93,38,0.41,17.76,0.68,10.68,26.09,1.66,15.69
hb_V14,Germany,58,18,90,35,0.39,15.7,0.66,11.33,23.62,1.39,17.05
hb_V15,Germany,47,16,74,28,0.38,17.04,0.97,16.79,17.63,1.01,17.38
hb_V16,Germany,31,16,68,31,0.46,12.71,0.79,12.99,16.1,0.98,16.46
hb_V17,Germany,50,20,92,40,0.43,14.14,0.58,7.64,24.5,1.85,13.24
hb_V18,Germany,54,21,95,37,0.39,18.34,0.83,17.47,22.23,1.05,21.17
hb_V19,Germany,29,9,74,24,0.32,17.2,0.9,15.62,19.21,1.1,17.45
hb_V2,Germany,49,13,81,21,0.26,17.42,0.94,16.44,18.53,1.06,17.49
hb_V20,Germany,29,11,76,35,0.46,13.61,1.08,9.93,12.57,1.37,9.17
hb_V21,Germany,44,11,77,28,0.36,17.33,0.66,10.01,26.39,1.73,15.24
hb_V22,Germany,40,14,79,30,0.38,16.11,0.79,7.54,20.3,2.14,9.51
hb_V23,Germany,42,13,83,35,0.42,17.92,0.72,10.15,24.86,1.76,14.09
hb_V24,Germany,57,23,92,38,0.41,16.86,0.8,10.35,21.02,1.63,12.91
hb_V25,Germany,49,14,84,31,0.37,16.42,0.95,15.86,17.2,1.04,16.62
hb_V26,Germany,56,18,84,32,0.38,17.36,0.98,15.08,17.77,1.15,15.44
hb_V27,Germany,58,25,90,35,0.39,17.04,0.94,11.78,18.21,1.45,12.59
hb_V28,Germany,45,25,89,40,0.45,16.21,0.83,11.89,19.56,1.36,14.34
hb_V29,Germany,37,13,80,31,0.39,15.32,0.71,13.32,21.43,1.15,18.64
hb_V3,Germany,43,17,80,30,0.38,16.94,0.87,16.56,19.45,1.02,19.02
hb_V30,Germany,29,10,76,29,0.38,15.4,0.76,12.66,20.31,1.22,16.69
hb_V31,Germany,23,7,73,28,0.38,18.74,0.81,10.42,23.08,1.8,12.83
hb_V32,Germany,31,11,78,28,0.36,15.49,0.77,9.86,20.16,1.57,12.83
hb_V33,Germany,46,12,83,28,0.34,18.08,0.75,13.31,24.05,1.36,17.71
hb_V34,Germany,38,7,84,30,0.36,18.13,0.83,14.07,21.8,1.29,16.92
hb_V35,Germany,46,18,89,37,0.42,15.29,0.51,6.89,29.83,2.22,13.45
hb_V36,Germany,41,20,77,31,0.4,17.98,0.74,8.21,24.38,2.19,11.12
hb_V37,Germany,45,19,88,36,0.41,19.43,0.78,9.44,24.95,2.06,12.12
hb_V38,Germany,31,10,90,36,0.4,16.05,0.75,7.19,21.38,2.23,9.58
hb_V39,Germany,38,11,77,30,0.39,18.99,0.83,17.28,22.9,1.1,20.84
hb_V4,Germany,50,21,89,36,0.4,15.79,0.87,14.84,18.07,1.06,16.98
hb_V40,Germany,44,14,72,30,0.42,16.73,0.72,14.17,23.13,1.18,19.59
hb_V41,Germany,45,13,80,24,0.3,13.45,0.85,13.14,15.77,1.02,15.41
hb_V42,Germany,36,10,88,37,0.42,15.55,0.45,7.97,34.66,1.95,17.77
hb_V43,Germany,52,16,84,30,0.36,15.71,0.65,9,24.32,1.74,13.94
hb_V44,Germany,54,21,91,40,0.44,16.88,0.58,11.4,29.01,1.48,19.6
hb_V45,Germany,52,30,83,38,0.46,14.86,0.8,8.88,18.62,1.67,11.12
hb_V46,Germany,30,10,75,29,0.39,18.79,0.7,8.82,26.98,2.13,12.67
hb_V47,Germany,28,16,81,36,0.44,15.49,0.58,9.7,26.8,1.6,16.78
hb_V5,Germany,44,21,82,36,0.44,17.48,0.77,11.25,22.58,1.55,14.53
hb_V6,Germany,57,26,93,39,0.42,16.76,0.56,14.34,29.72,1.17,25.43
hb_V7,Germany,51,25,87,40,0.46,15.91,0.77,11.7,20.55,1.36,15.11
hb_V8,Germany,43,19,74,33,0.45,18.22,0.87,10.39,20.92,1.75,11.93
hb_V9,Germany,44,18,81,31,0.38,17.87,0.91,12.81,19.72,1.39,14.14
hr_B1,Germany,24,9,61,18,0.3,10.32,0.87,12.94,11.81,0.8,14.81
hr_B2,Germany,27,10,69,18,0.26,11.38,0.88,10.92,13.01,1.04,12.47
hr_B3,Germany,30,8,67,17,0.25,12.31,0.94,15.37,13.08,0.8,16.34
hr_B4,Germany,18,4,65,15,0.23,10.65,0.6,13.6,17.75,0.78,22.67
hr_K2,Germany,29,2,80,9,0.11,14.51,1.51,18.37,9.62,0.79,12.18
hr_L10,Germany,14,1,59,7,0.12,11.47,1.51,17.46,7.58,0.66,11.53
hr_L3,Germany,13,2,49,4,0.08,18.64,2.36,19.05,7.9,0.98,8.07
hr_L4,Germany,15,2,60,6,0.1,16.03,1.99,19.42,8.07,0.83,9.77
hr_L9,Germany,15,1,59,7,0.12,11.26,1.7,18.48,6.64,0.61,10.89
hr_M1,Germany,13,0,77,13,0.17,17.28,2.43,24.3,7.13,0.71,10.02
hr_M2,Germany,14,1,78,12,0.15,15.06,2.35,21.41,6.41,0.7,9.11
hr_M3,Germany,11,1,68,11,0.16,18.32,2.44,22.05,7.5,0.83,9.03
hr_M4,Germany,24,2,82,7,0.09,15.79,2.13,17.7,7.42,0.89,8.31
hr_M5,Germany,14,2,65,8,0.12,14.86,2.6,30.57,5.71,0.49,11.76
hr_M6,Germany,13,1,75,11,0.15,15.12,2.85,26.22,5.31,0.58,9.2
hr_R1,Germany,33,8,83,16,0.19,12.46,1.17,15.95,10.69,0.78,13.68
hr_R2,Germany,20,4,78,14,0.18,10.66,2.01,21.93,5.31,0.49,10.91
hr_R3,Germany,14,3,69,15,0.22,11.56,2.23,20.4,5.2,0.57,9.17
hr_R4,Germany,20,3,65,10,0.15,13.46,2.06,22.16,6.53,0.61,10.75
hr_R5,Germany,16,2,79,10,0.13,15.4,1.9,21.51,8.09,0.72,11.3
hr_S1,Germany,21,1,64,5,0.08,18.08,3.19,30.74,5.66,0.59,9.63
hr_S2,Germany,16,2,59,5,0.08,21.04,3.58,34.33,5.88,0.61,9.6
hr_S3,Germany,21,6,78,11,0.14,18.32,2.53,24.5,7.25,0.75,9.69
hr_T1,Germany,55,12,89,14,0.16,11.74,1.33,20.8,8.85,0.56,15.68
hr_T2,Germany,38,10,83,14,0.17,10.44,1.21,21.54,8.66,0.48,17.86
hr_W1,Germany,23,3,70,14,0.2,10.39,0.7,13.32,14.85,0.78,19.03
hr_W10,Germany,20,2,80,10,0.13,12.74,2.43,16.81,5.24,0.76,6.92
hr_W11,Germany,23,6,70,22,0.31,12.75,0.8,16.59,15.94,0.77,20.74
hr_W12,Germany,22,6,65,18,0.28,9.01,0.7,12.28,12.87,0.73,17.55
hr_W2,Germany,24,3,66,13,0.2,10.2,0.7,10.76,14.57,0.95,15.37
hr_W3,Germany,18,5,63,18,0.29,11.33,0.8,14.25,14.16,0.8,17.81
hr_W4,Germany,21,7,67,17,0.25,12.71,0.8,14.85,15.89,0.86,18.56
hr_W5,Germany,30,9,79,14,0.18,11.73,1.04,14.66,11.32,0.8,14.15
hr_W6,Germany,31,8,78,14,0.18,10.83,0.99,14.81,11,0.73,15.03
hr_W7,Germany,23,3,60,8,0.13,11.18,1.86,14.64,6.02,0.76,7.88
hr_W8,Germany,32,7,63,9,0.14,10.18,1.68,13.44,6.07,0.76,8.02
hr_W9,Germany,21,3,75,9,0.12,11.68,2.29,19.12,5.11,0.61,8.36
hr_ZK1,Germany,18,1,71,4,0.06,9.56,2.49,16.69,3.83,0.57,6.69
hr_ZK2,Germany,14,0,60,3,0.05,11.2,2.35,17.5,4.76,0.64,7.44
hr_ZK3,Germany,16,0,66,3,0.05,10.22,2.16,16.57,4.73,0.62,7.68
hr_ZK4,Germany,11,1,65,6,0.09,11.71,2.71,21.22,4.33,0.55,7.84
hr_ZK5,Germany,30,3,51,4,0.08,15.5,2.2,28.66,7.05,0.54,13.03
hr_ZK6,Germany,24,0,59,4,0.07,16.72,1.78,22.3,9.4,0.75,12.54
kp_1.1,Poland,39,2,70,5,0.07,11.74,1.57,6.55,7.5,1.79,4.19
kp_1.2,Poland,42,3,73,5,0.07,14.19,1.81,2.7,7.85,5.25,1.49
kp_1.3,Poland,31,1,76,5,0.07,11.73,1.99,4.75,5.9,2.47,2.39
kp_1.4,Poland,23,0,73,3,0.04,18.12,1.94,3,9.32,6.04,1.54
kp_1.5,Poland,23,2,74,6,0.08,16.38,1.6,3.29,10.24,4.97,2.06
kp_1.6,Poland,35,3,74,9,0.12,13.3,2.04,2.66,6.53,5.01,1.3
kp_1.7,Poland,39,5,68,8,0.12,11.18,1.66,3.29,6.75,3.4,1.98
kp_1.8,Poland,38,4,72,9,0.13,11.92,1.33,2.97,8.98,4.01,2.24
kp_10.60,Poland,22,5,68,7,0.1,6.42,1.85,11.41,3.46,0.56,6.15
kp_12.64,Poland,37,1,78,5,0.06,6.7,1.38,16.27,4.85,0.41,11.77
kp_12.65,Poland,33,0,74,4,0.05,7.51,1.59,15.09,4.74,0.5,9.51
kp_12.66,Poland,34,0,78,4,0.05,7.2,1.75,13.94,4.12,0.52,7.97
kp_12.67,Poland,34,0,76,5,0.07,9.98,0.88,4.5,11.39,2.22,5.13
kp_12.68,Poland,38,0,77,4,0.05,10.95,1.62,13.63,6.77,0.8,8.42
kp_17.87,Poland,19,0,70,5,0.07,14.33,2.24,6.04,6.41,2.37,2.7
kp_17.88,Poland,20,0,72,5,0.07,10.33,2.1,5.75,4.91,1.8,2.73
kp_17.91,Poland,31,3,83,7,0.08,9.95,1.89,4.5,5.27,2.21,2.38
kp_18.103,Poland,32,4,78,6,0.08,6.1,1.95,9.44,3.13,0.65,4.84
kp_18.105,Poland,26,0,73,5,0.07,11.99,2.16,5.58,5.55,2.15,2.58
kp_18.106,Poland,21,0,73,4,0.05,10.03,1.88,8.96,5.32,1.12,4.76
kp_19.114,Poland,26,2,80,5,0.06,12.96,2.3,10.71,5.64,1.21,4.66
kp_21.132,Poland,42,1,76,3,0.04,6.73,1.46,11.54,4.62,0.58,7.93
kp_21.133,Poland,34,1,67,3,0.04,4.69,1.26,11.45,3.72,0.41,9.09
kp_21.135,Poland,38,2,71,4,0.06,9.07,0.85,14.09,10.65,0.64,16.53
kp_21.136,Poland,33,2,68,3,0.04,10.45,0.85,10.23,12.25,1.02,12
kp_23.140,Poland,27,2,76,6,0.08,9.03,1.3,11.49,6.93,0.79,8.81
kp_25.152,Poland,24,1,77,8,0.1,8.82,0.96,11.08,9.18,0.8,11.54
kp_25.153,Poland,27,1,76,8,0.11,9.92,1.02,12.3,9.73,0.81,12.06
kp_26.162,Poland,36,4,79,7,0.09,14.78,2.21,3.11,6.69,4.75,1.41
kp_26.163,Poland,40,4,78,6,0.08,11.13,1.56,4.41,7.12,2.52,2.82
kp_26.164,Poland,30,1,77,5,0.06,10.12,2.26,5.08,4.47,1.99,2.24
kp_4.23,Poland,17,0,68,4,0.06,13.65,2.7,10.58,5.05,1.29,3.92
kp_4.24,Poland,27,2,61,2,0.03,15.52,2.32,3.18,6.68,4.88,1.37
kp_4.25,Poland,32,2,69,5,0.07,10.62,2.22,5.8,4.78,1.83,2.61
kp_4.27,Poland,27,3,70,5,0.07,17.79,2.06,2.59,8.65,6.87,1.26
kp_6.39,Poland,39,2,73,3,0.04,11.25,1.85,3.61,6.08,3.12,1.95
kp_6.40,Poland,31,2,77,4,0.05,10.07,1.81,11.31,5.57,0.89,6.25
kp_6.41,Poland,28,1,84,7,0.08,10.43,2.27,7.12,4.59,1.47,3.13
nt_D01,Poland,8,3,22,10,0.45,15.27,1.09,10.59,14.01,1.44,9.72
nt_D02,Poland,4,1,36,21,0.58,15.77,1.19,9.21,13.25,1.71,7.74
nt_D03,Poland,7,3,24,12,0.5,13.63,1.26,9.13,10.82,1.49,7.25
nt_E01,Poland,8,7,22,16,0.73,12.94,0.79,6.44,16.38,2.01,8.15
nt_E02,Poland,10,7,24,16,0.67,12.17,0.69,5.62,17.64,2.17,8.14
nt_E03,Poland,12,5,30,12,0.4,7.19,0.91,5.43,7.9,1.32,5.97
nt_G03,Poland,34,8,79,19,0.24,15.98,1.04,8.31,15.37,1.92,7.99
nt_G05,Poland,25,8,70,29,0.41,13.77,0.74,9.12,18.61,1.51,12.32
nt_G06,Poland,34,10,81,22,0.27,13.31,0.81,7.73,16.43,1.72,9.54
nt_G07,Poland,21,5,65,24,0.37,13.25,0.82,7.49,16.16,1.77,9.13
nt_G08,Poland,15,7,63,29,0.46,14.06,0.83,9.33,16.94,1.51,11.24
nt_G09,Poland,17,6,66,28,0.42,15.21,0.88,8.81,17.28,1.73,10.01
nt_G10,Poland,13,5,64,27,0.42,14.32,0.87,6.44,16.46,2.22,7.4
nt_K01,Poland,27,8,85,20,0.24,21.51,1.2,10.12,17.93,2.13,8.43
nt_K02,Poland,27,9,83,22,0.27,18.56,1.03,4.66,18.02,3.98,4.52
nt_K03,Poland,32,9,86,18,0.21,21.21,1.38,4.95,15.37,4.28,3.59
nt_K04,Poland,29,8,85,16,0.19,20.93,1.39,3,15.06,6.98,2.16
nt_K05,Poland,26,7,81,15,0.19,20.65,1.16,6.23,17.8,3.31,5.37
nt_K06,Poland,32,9,87,17,0.2,20.83,1.31,2.79,15.9,7.47,2.13
nt_K07,Poland,25,9,91,21,0.23,18.9,1.12,3.44,16.88,5.49,3.07
nt_TA02,Poland,25,7,64,23,0.36,11.48,1.61,10.6,7.13,1.08,6.58
nt_TA03,Poland,19,9,59,27,0.46,15.71,0.82,13.14,19.16,1.2,16.02
nt_TA04,Poland,23,11,65,28,0.43,15.19,0.62,10.28,24.5,1.48,16.58
nt_TA05,Poland,21,9,58,25,0.43,14.2,0.71,8,20,1.78,11.27
nt_TA06,Poland,27,13,59,25,0.42,16.56,0.78,7.37,21.23,2.25,9.45
nt_TA07,Poland,26,10,55,25,0.45,15.53,0.84,9.98,18.49,1.56,11.88
nt_TA08,Poland,27,12,55,25,0.45,13.82,0.72,8.48,19.19,1.63,11.78
nt_TA09,Poland,23,9,56,25,0.45,15.23,0.66,9.11,23.08,1.67,13.8
nt_TA10,Poland,34,18,58,29,0.5,16.09,0.76,8.66,21.17,1.86,11.39
nt_TA11,Poland,25,14,57,28,0.49,15.08,0.68,8.92,22.18,1.69,13.12
nt_TA12,Poland,33,17,55,27,0.49,16.25,0.83,7.83,19.58,2.08,9.43
nt_TA13,Poland,29,14,57,23,0.4,14.22,0.65,8.14,21.88,1.75,12.52
nt_TA14,Poland,25,13,60,29,0.48,14.05,1.24,9.3,11.33,1.51,7.5
nt_TA15,Poland,19,7,59,25,0.42,16.4,3.59,12.43,4.57,1.32,3.46
nt_TA16,Poland,22,10,57,27,0.47,13.41,2.4,8.51,5.59,1.58,3.55
nt_TA17,Poland,17,7,60,26,0.43,13.21,2.35,9.12,5.62,1.45,3.88
nt_TA18,Poland,25,12,65,28,0.43,15.34,1.99,12.48,7.71,1.23,6.27
nt_TA19,Poland,27,9,64,22,0.34,12.56,1.73,10.46,7.26,1.2,6.05
nt_TA20,Poland,24,8,60,22,0.37,11.75,1.53,8.72,7.68,1.35,5.7
nt_TA21,Poland,18,5,59,21,0.36,15.57,3.15,17.57,4.94,0.89,5.58
nt_TA22,Poland,18,8,68,19,0.28,14.17,2.86,15.69,4.95,0.9,5.49
nt_TA23,Poland,20,2,69,15,0.22,12.54,1.84,15.8,6.82,0.79,8.59
nt_TB03,Poland,27,7,66,19,0.29,14.38,0.84,9.19,17.12,1.56,10.94
nt_TB04,Poland,21,7,67,25,0.37,16,0.92,11.48,17.39,1.39,12.48
nt_TB05,Poland,26,11,64,25,0.39,15.72,1.17,13.99,13.44,1.12,11.96
nt_TB06,Poland,21,10,63,25,0.4,15.63,1.09,12.01,14.34,1.3,11.02
nt_TB07,Poland,17,7,64,24,0.38,13.26,0.84,11.32,15.79,1.17,13.48
nt_TB08,Poland,20,9,60,23,0.38,11.23,0.86,12.69,13.06,0.88,14.76
nt_TB09,Poland,22,7,68,24,0.35,11.34,0.84,12.84,13.5,0.88,15.29
nt_TB10,Poland,21,8,65,22,0.34,13.26,1.11,13.07,11.95,1.01,11.77
nt_TB11,Poland,19,5,64,20,0.31,11.63,0.99,12.59,11.75,0.92,12.72
nt_TB12,Poland,37,8,69,15,0.22,14.41,1.63,10.13,8.84,1.42,6.21
nt_TB13,Poland,27,7,68,16,0.24,12.34,1.12,14.88,11.02,0.83,13.29
nt_TB14,Poland,25,8,68,17,0.25,12.55,1.78,12.39,7.05,1.01,6.96
nt_TB15,Poland,15,3,63,15,0.24,12.91,1.75,13.9,7.38,0.93,7.94
nt_TB16,Poland,10,3,63,13,0.21,15.53,1.99,11.16,7.8,1.39,5.61
nt_TB17,Poland,6,0,72,16,0.22,13.83,1.66,12.7,8.33,1.09,7.65
nt_TB19,Poland,10,3,60,14,0.23,13.25,1.36,12.72,9.74,1.04,9.35
nt_TB20,Poland,22,5,61,12,0.2,20.56,1.86,13.19,11.05,1.56,7.09
nt_TC01,Poland,35,9,71,21,0.3,13.55,0.73,12.28,18.56,1.1,16.82
nt_TC01B,Poland,39,12,70,24,0.34,13.81,0.55,12.85,25.11,1.07,23.36
nt_TC02,Poland,33,11,65,22,0.34,15.24,0.91,10.35,16.75,1.47,11.37
nt_TC03,Poland,29,8,63,21,0.33,5.95,0.68,8.36,8.75,0.71,12.29
nt_TC04,Poland,24,6,63,22,0.35,14.38,0.71,7.97,20.25,1.8,11.23
nt_TC05,Poland,22,6,60,22,0.37,16.53,1.8,9.46,9.18,1.75,5.26
nt_TC06,Poland,29,10,62,26,0.42,12.58,0.71,9,17.72,1.4,12.68
nt_TC07,Poland,26,11,59,25,0.42,14.28,0.61,8.78,23.41,1.63,14.39
nt_TC08,Poland,26,9,57,24,0.42,12.28,0.47,7.26,26.13,1.69,15.45
nt_TC09,Poland,29,12,62,26,0.42,11.94,0.59,7.93,20.24,1.51,13.44
nt_TC10,Poland,30,14,59,25,0.42,11.76,0.53,7.22,22.19,1.63,13.62
nt_TC11,Poland,25,10,56,25,0.45,12.89,0.56,7.45,23.02,1.73,13.3
nt_TC12,Poland,24,13,60,26,0.43,12.23,0.46,6.62,26.59,1.85,14.39
nt_TC13,Poland,14,9,52,25,0.48,13.07,0.63,7.33,20.75,1.78,11.63
nt_TC14,Poland,25,9,61,24,0.39,12.31,1.14,12.78,10.8,0.96,11.21
nt_TC15,Poland,22,10,57,25,0.44,12.05,1,11.97,12.05,1.01,11.97
nt_TC16,Poland,22,10,58,25,0.43,13.92,1.49,12.41,9.34,1.12,8.33
rp_1,Poland,22,8,63,23,0.37,9.63,0.66,7.17,14.66,1.34,10.92
rp_10,Poland,33,13,58,24,0.41,9.82,0.92,7.17,10.72,1.37,7.83
rp_11,Poland,29,14,59,25,0.42,9.15,1.23,5.47,7.44,1.67,4.45
rp_12,Poland,31,14,56,26,0.46,11.71,1.62,9.46,7.22,1.24,5.83
rp_13,Poland,25,8,58,20,0.34,10.91,1.44,9.08,7.58,1.2,6.3
rp_14,Poland,20,5,59,23,0.39,10.86,1.09,9.33,9.93,1.16,8.53
rp_15,Poland,25,8,59,21,0.36,10.97,1.58,13.27,6.96,0.83,8.42
rp_16,Poland,22,9,59,23,0.39,10.52,1.62,11.7,6.48,0.9,7.21
rp_17,Poland,21,6,61,20,0.33,12.31,1.48,10.14,8.31,1.21,6.84
rp_18,Poland,29,9,65,22,0.34,11.58,1.38,14.2,8.37,0.82,10.27
rp_19,Poland,31,11,67,27,0.4,10.11,0.97,10.06,10.45,1.01,10.39
rp_2,Poland,24,6,74,20,0.27,14.13,1.59,9.52,8.88,1.49,5.98
rp_20,Poland,30,10,68,26,0.38,10.22,0.83,9.39,12.37,1.09,11.37
rp_21,Poland,32,13,62,25,0.4,13.9,0.94,8.1,14.83,1.72,8.65
rp_22,Poland,29,10,60,25,0.42,9.55,0.71,7.77,13.49,1.23,10.97
rp_23,Poland,26,11,65,25,0.38,11.09,0.76,9.21,14.57,1.2,12.09
rp_24,Poland,27,12,64,24,0.38,12.34,0.82,8.55,15.02,1.44,10.41
rp_25,Poland,30,14,63,26,0.41,13.15,0.91,8.38,14.47,1.57,9.23
rp_26,Poland,38,16,58,26,0.45,12.41,0.83,8.43,14.91,1.47,10.14
rp_27,Poland,42,17,62,25,0.4,10.65,0.7,7.34,15.13,1.45,10.43
rp_28,Poland,30,13,63,24,0.38,12.23,0.89,7.85,13.79,1.56,8.85
rp_29,Poland,33,18,61,28,0.46,11.85,0.93,7.55,12.74,1.57,8.12
rp_3,Poland,30,13,58,24,0.41,12.27,1.9,9.1,6.44,1.35,4.78
rp_30,Poland,41,17,66,31,0.47,10.31,0.81,8,12.69,1.29,9.85
rp_31,Poland,31,10,61,24,0.39,10.25,0.83,10.27,12.33,1,12.34
rp_32,Poland,31,11,69,25,0.36,12.09,0.95,11.58,12.67,1.04,12.14
rp_33,Poland,28,10,63,24,0.38,10.85,0.96,9.69,11.32,1.12,10.11
rp_34,Poland,18,3,61,18,0.3,11.04,1.21,7.78,9.13,1.42,6.44
rp_35,Poland,23,5,61,18,0.3,9.63,1.07,8.87,9.03,1.09,8.31
rp_36,Poland,10,1,56,13,0.23,10.31,0.99,5.77,10.42,1.79,5.83
rp_37,Poland,14,2,58,13,0.22,9.87,1.03,6.45,9.61,1.53,6.28
rp_38,Poland,13,3,66,21,0.32,8.08,0.74,4.51,10.91,1.79,6.09
rp_39,Poland,19,5,63,20,0.32,9.96,0.98,7.72,10.12,1.29,7.84
rp_4,Poland,22,9,55,23,0.42,10.56,1.88,10.43,5.61,1.01,5.53
rp_40,Poland,19,4,63,18,0.29,8.76,0.93,9.64,9.45,0.91,10.4
rp_41,Poland,15,2,62,18,0.29,10.31,1.33,10.3,7.77,1,7.75
rp_5,Poland,25,11,59,26,0.44,10.86,1.9,11.24,5.71,0.97,5.9
rp_6,Poland,24,11,57,25,0.44,8.87,1.5,5.68,5.9,1.56,3.78
rp_7,Poland,22,10,57,23,0.4,11.46,1.23,9.63,9.32,1.19,7.83
rp_8,Poland,26,13,57,23,0.4,10.55,1.7,8.86,6.21,1.19,5.22
rp_9,Poland,32,15,55,23,0.42,10.77,1.37,8.19,7.84,1.31,5.97
sc_SGB07,Scotland,11,9,33,22,0.67,23.4,0.54,5.78,43.33,4.05,10.7
sc_SGB15,Scotland,10,8,40,21,0.53,13.6,0.61,5.78,22.3,2.35,
sc_SLB01,Scotland,15,13,47,32,0.68,12.8,0.47,5.17,27.23,2.48,11
sc_SLB13,Scotland,17,14,40,26,0.65,15.5,0.56,6.15,27.68,2.52,10.98
sc_SLB17,Scotland,12,10,38,25,0.66,11,0.35,3.66,31.43,3.01,10.46
sc_SLB31,Scotland,12,10,39,25,0.64,11,0.36,4.36,30.56,2.52,12.11
sc_SLB33,Scotland,15,13,39,25,0.64,9.8,0.42,4.26,23.33,2.3,10.14
sc_SLB40,Scotland,15,13,41,26,0.63,12.5,0.36,4.45,34.72,2.81,12.36
sc_SRB14,Scotland,8,6,32,19,0.59,7.8,0.33,3.53,23.64,2.21,10.7
sc_SRB24,Scotland,11,8,23,16,0.7,10.2,0.45,4.15,22.67,2.46,9.22
sc_SRL01,Scotland,14,11,42,27,0.64,10,0.44,4.19,22.73,2.39,9.52
sc_SRL12,Scotland,14,11,42,27,0.64,12.9,0.46,4.59,28.04,2.81,9.98
nt_hv1_1,Siberia,6,5,26,19,0.73,9.51,0.37,8.61,25.82,1.1,23.39
nt_hv1_2,Siberia,5,4,46,28,0.61,8.71,0.37,5.87,23.63,1.48,15.93
nt_hv10_1,Siberia,5,5,42,31,0.74,7.5,0.17,4.42,45.16,1.7,26.64
nt_hv2_1,Siberia,4,3,46,28,0.61,8.23,0.28,11.28,29.83,0.73,40.87
nt_hv2_2,Siberia,4,3,32,20,0.63,12.11,0.57,14.63,21.39,0.83,25.85
nt_hv3_1,Siberia,8,6,48,27,0.56,9.65,0.24,9.98,39.55,0.97,40.9
nt_hv4_1,Siberia,11,9,45,28,0.62,8.08,0.21,8.33,38.76,0.97,39.94
nt_hv5_1,Siberia,7,5,48,28,0.58,9.77,0.36,17.03,27.19,0.57,47.43
nt_hv5_2,Siberia,3,2,52,26,0.5,10.55,0.4,22.13,26.56,0.48,55.7
nt_hv5_3,Siberia,7,6,46,26,0.57,10.5,0.41,14.35,25.36,0.73,34.66
nt_hv6_1,Siberia,5,3,57,25,0.44,11.44,0.44,8.71,26,1.31,19.8
nt_hv7_1,Siberia,5,4,24,17,0.71,9.03,0.3,4.82,30.39,1.87,16.21
nt_hv7_2,Siberia,7,6,39,25,0.64,9.95,0.35,6.54,28.34,1.52,18.61
nt_hv8_1,Siberia,8,8,26,20,0.77,8.19,0.15,4.25,52.9,1.92,27.49
nt_hv9_1,Siberia,7,6,24,18,0.75,10.6,0.26,6.85,40.3,1.55,26.04
nt_oba11,Siberia,21,2,52,12,0.23,17,1.22,31.28,13.88,0.54,25.55
nt_oba12,Siberia,11,2,58,12,0.21,17.05,1.17,28.79,14.58,0.59,24.62
nt_oba13,Siberia,11,1,53,13,0.25,18.48,1.33,29.15,13.87,0.63,21.87
nt_oba141,Siberia,17,9,61,29,0.48,13.6,0.76,16.56,17.78,0.82,21.65
nt_oba142,Siberia,15,8,61,27,0.44,17,0.9,15.33,18.88,1.11,17.03
nt_oba144,Siberia,18,10,60,28,0.47,9.6,0.92,17.64,10.46,0.54,19.23
nt_oba152,Siberia,8,4,56,26,0.46,12.92,0.69,14.76,18.64,0.88,21.29
nt_oba153,Siberia,14,10,60,28,0.47,14.45,1.25,16.02,11.58,0.9,12.83
nt_oba154,Siberia,17,10,61,28,0.46,17.05,1.2,24.27,14.2,0.7,20.21
nt_oba171,Siberia,21,13,59,28,0.47,15.97,1.04,22.08,15.38,0.72,21.27
nt_oba173,Siberia,15,10,54,27,0.5,12.26,0.78,22.99,15.63,0.53,29.32
nt_oba174,Siberia,21,14,57,30,0.53,17.25,0.88,27.01,19.52,0.64,30.56
nt_oba21,Siberia,29,15,60,26,0.43,13.33,1.17,33.2,11.42,0.4,28.44
nt_oba211,Siberia,14,8,53,27,0.51,17.22,1.29,19.96,13.33,0.86,15.44
nt_oba212,Siberia,15,11,58,26,0.45,17.87,1.46,31.17,12.23,0.57,21.34
nt_oba213,Siberia,8,6,46,24,0.52,13.25,0.8,21.47,16.61,0.62,26.9
nt_oba22,Siberia,22,10,60,26,0.43,14.83,1.25,30.29,11.87,0.49,24.24
nt_oba23,Siberia,20,10,61,27,0.44,14.26,1.23,38.29,11.59,0.37,31.12
nt_oba301,Siberia,20,7,60,23,0.38,18.09,1.45,33.64,12.46,0.54,23.17
nt_oba304,Siberia,15,6,51,20,0.39,17.58,1.42,31.43,12.39,0.56,22.16
nt_oba305,Siberia,23,9,65,26,0.4,17.24,1.47,35.07,11.7,0.49,23.8
nt_oba341,Siberia,13,10,58,30,0.52,17.12,0.93,26.39,18.34,0.65,28.27
nt_oba342,Siberia,13,9,56,28,0.5,21.5,1.33,19.72,16.13,1.09,14.8
nt_oba343,Siberia,11,7,55,28,0.51,18.67,1.32,31.87,14.11,0.59,24.09
nt_obb1,Siberia,25,7,59,18,0.31,15.57,1.2,27.16,12.97,0.57,22.63
nt_obb11,Siberia,24,11,66,25,0.38,19.34,1.33,28.59,14.58,0.68,21.54
nt_obb3,Siberia,27,12,61,24,0.39,14.35,1.17,25.86,12.24,0.55,22.05
nt_obb5,Siberia,26,8,65,20,0.31,14.28,1.17,23.53,12.23,0.61,20.16
nt_obb7,Siberia,14,3,54,22,0.41,14.84,1.13,23.73,13.17,0.63,21.07
nt_obb9,Siberia,26,14,67,26,0.39,13.34,1.29,27.2,10.32,0.49,21.06
nt_obc01,Siberia,10,3,60,21,0.35,19.19,1.11,29.93,17.25,0.64,26.9
nt_obc02,Siberia,6,1,64,25,0.39,13.56,0.77,17.77,17.7,0.76,23.19
nt_obc03,Siberia,12,2,54,14,0.26,18.85,0.95,22.69,19.87,0.83,23.93
nt_obc21,Siberia,10,7,56,27,0.48,11.06,0.76,29.1,14.65,0.38,38.53
nt_obc22,Siberia,16,10,66,29,0.44,12.6,1.01,32.09,12.52,0.39,31.91
nt_obc23,Siberia,17,10,60,29,0.48,12,0.87,34.7,13.84,0.35,40.03
nt_obc41,Siberia,18,9,66,23,0.35,15.51,1.1,20.42,14.06,0.76,18.51
nt_obc42,Siberia,13,5,70,30,0.43,18.47,0.94,24.3,19.54,0.76,25.71
nt_PO11,Siberia,31,14,59,25,0.42,12.59,0.87,24.12,14.48,0.52,27.75
nt_PO12,Siberia,25,8,63,25,0.4,13.5,0.91,24.71,14.92,0.55,27.3
nt_PO13,Siberia,20,5,59,26,0.44,11.57,0.66,18.18,17.66,0.64,27.74
nt_PO21,Siberia,25,8,61,24,0.39,12.43,0.76,17.59,16.46,0.71,23.3
nt_PO22,Siberia,22,9,59,24,0.41,14.28,0.83,18.35,17.12,0.78,22
nt_PO23,Siberia,21,6,61,26,0.43,13.89,0.88,22.61,15.75,0.61,25.63
nt_PO31,Siberia,29,9,58,25,0.43,15.31,0.99,23.59,15.53,0.65,23.94
nt_PO32,Siberia,31,11,58,24,0.41,16.72,1.06,28.09,15.79,0.6,26.54
nt_PO33,Siberia,24,6,55,26,0.47,15.69,1.07,26.16,14.7,0.6,24.5
nt_PO41,Siberia,30,10,58,24,0.41,15.13,0.95,24.28,15.95,0.62,25.58
nt_PO42,Siberia,32,13,57,22,0.39,12.58,0.82,19.6,15.41,0.64,24
nt_PO51,Siberia,29,10,60,26,0.43,14.36,0.79,20.25,18.28,0.71,25.78
nt_PO52,Siberia,26,11,57,27,0.47,14.54,0.87,27.45,16.67,0.53,31.46
nt_V1,Siberia,23,14,57,29,0.51,16.08,1.6,13.76,10.07,1.17,8.62
nt_V10,Siberia,12,11,50,31,0.62,16.27,0.92,13.46,17.7,1.21,14.65
nt_V11,Siberia,14,11,45,27,0.6,15.83,0.89,15.59,17.8,1.02,17.53
nt_V12,Siberia,11,8,52,29,0.56,13.81,0.59,10.29,23.56,1.34,17.57
nt_V13,Siberia,12,10,53,29,0.55,16.64,0.7,9.91,23.94,1.68,14.26
nt_V14,Siberia,12,11,45,28,0.62,16.29,0.8,15.43,20.3,1.06,19.23
nt_V15,Siberia,13,10,50,30,0.6,14.3,0.65,10.56,22.16,1.35,16.36
nt_V16,Siberia,13,9,52,30,0.58,14.03,0.74,10.81,18.92,1.3,14.59
nt_V17,Siberia,13,10,42,25,0.6,15.03,0.49,8.08,30.66,1.86,16.49
nt_V2,Siberia,15,10,56,30,0.54,14.92,1.57,13.65,9.51,1.09,8.7
nt_V3,Siberia,19,8,58,29,0.5,14.69,1.02,12.98,14.37,1.13,12.71
nt_V4,Siberia,8,7,53,31,0.58,12.92,0.67,9.66,19.24,1.34,14.38
nt_V5,Siberia,4,3,55,30,0.55,15.61,0.75,11.44,20.86,1.36,15.29
nt_V6,Siberia,14,12,49,30,0.61,15.64,0.56,10.02,27.91,1.56,17.88
nt_V7,Siberia,9,8,32,23,0.72,14.75,0.47,9.63,31.11,1.53,20.3
nt_V8,Siberia,8,8,43,28,0.65,12.13,0.73,9.18,16.7,1.32,12.64
nt_V9,Siberia,19,14,55,28,0.51,17.89,0.83,14.65,21.57,1.22,17.66
sw_CROS1,Sweden,4,3,45,27,0.6,10.7,0.41,7.4,26.1,1.45,18.05
sw_CROS2,Sweden,9,9,26,21,0.81,10.5,0.35,7.1,30,1.48,20.29
sw_CROS3,Sweden,5,4,44,28,0.64,11.2,0.43,7.7,26.05,1.45,17.91
sw_CROS4,Sweden,2,1,36,21,0.58,13.4,0.9,8.48,14.89,1.58,9.42
sw_ZLB06,Sweden,8,7,12,9,0.75,8.1,0.81,7.78,10,1.04,9.6
sw_ZLB28,Sweden,9,8,19,13,0.68,8.3,0.44,2.94,18.86,2.82,6.68
sw_ZLB37,Sweden,10,9,16,11,0.69,8.4,0.39,3.13,21.54,2.68,8.03
sw_ZLL06,Sweden,4,4,14,11,0.79,9.6,0.44,3.48,21.82,2.76,7.91
sw_ZLL27,Sweden,5,5,18,12,0.67,9.7,0.41,4.87,23.66,1.99,11.88
sw_ZLL37,Sweden,4,4,22,15,0.68,8.7,0.34,3.21,25.59,2.71,9.44
sw_ZRB01,Sweden,7,7,17,12,0.71,11.7,0.75,4.67,15.6,2.51,6.23
sw_ZRB29,Sweden,6,6,12,9,0.75,9.2,0.51,2.95,18.04,3.12,5.78
sw_ZRB40,Sweden,6,6,19,14,0.74,8.8,0.52,4.55,16.92,1.93,8.75
sw_ZRL14,Sweden,7,6,14,10,0.71,10.2,0.55,3.23,18.55,3.16,5.87
sw_ZRL28,Sweden,9,8,20,17,0.85,12.3,0.54,2.7,22.78,4.56,5
sw_ZRL40,Sweden,6,5,19,15,0.79,10.5,0.44,4.29,23.86,2.45,9.75
dg_KRK1,The Netherlands,18,2,61,6,0.1,19.27,1.48,6.04,13,3.19,4.07
dg_KRK10,The Netherlands,12,2,59,5,0.08,19.02,1.68,9.17,11.32,2.07,5.46
dg_KRK2,The Netherlands,19,2,59,6,0.1,19.95,1.81,9.24,11.02,2.16,5.1
dg_KRK3,The Netherlands,12,1,55,4,0.07,18.47,1.49,6.46,12.38,2.86,4.33
dg_KRK4,The Netherlands,14,1,57,3,0.05,25.81,2.47,8.99,10.44,2.87,3.64
dg_KRK5,The Netherlands,12,1,55,4,0.07,21.65,2.09,10,10.35,2.16,4.78
dg_KRK6,The Netherlands,17,2,59,5,0.08,17.62,1.71,14.66,10.3,1.2,8.56
dg_KRK7,The Netherlands,14,2,60,7,0.12,18.71,1.53,9,12.2,2.08,5.87
dg_KRK8,The Netherlands,17,2,58,5,0.09,19.93,1.11,10.72,17.98,1.86,9.67
dg_KRK9,The Netherlands,12,1,58,7,0.12,22.33,1.99,7.36,11.21,3.03,3.69
dg_KRV1,The Netherlands,18,3,62,8,0.13,19.96,2.17,3.25,9.2,6.14,1.5
dg_KRV2,The Netherlands,14,2,55,4,0.07,15.74,2.68,3.34,5.87,4.72,1.25
dg_KRV3,The Netherlands,15,2,57,6,0.11,16.79,1.77,3.88,9.46,4.33,2.19
dg_KRV4,The Netherlands,16,2,63,7,0.11,20.09,1.8,5.01,11.16,4.01,2.78
dg_KRV5,The Netherlands,15,3,62,8,0.13,15.6,1.32,3.05,11.81,5.11,2.31
dg_KRV6,The Netherlands,16,2,58,7,0.12,15.46,1.56,3.47,9.88,4.46,2.22
dg_KRV7,The Netherlands,14,2,59,7,0.12,14.8,1.99,2.36,7.45,6.27,1.19
dg_KRV8,The Netherlands,15,2,59,6,0.1,18.08,2.35,3.38,7.69,5.35,1.44
dg_KRV9,The Netherlands,14,2,58,6,0.1,19.95,2.31,3.8,8.62,5.25,1.64
dg_NKH1,The Netherlands,20,4,64,9,0.14,15.71,1.33,4.72,11.77,3.33,3.53
dg_NKH2,The Netherlands,19,3,62,9,0.15,20.25,2.59,4.51,7.82,4.49,1.74
dg_NKH3,The Netherlands,20,5,65,8,0.12,18.9,1.46,4.54,12.92,4.16,3.1
dg_NKH4,The Netherlands,16,2,62,9,0.15,18.26,1.34,3.85,13.65,4.74,2.88
dg_NKH5,The Netherlands,14,3,66,8,0.12,17.3,1.23,4.02,14.01,4.31,3.25
dg_NKH6,The Netherlands,20,5,64,8,0.13,18.19,1.37,4.49,13.27,4.05,3.27
dg_NKHI1,The Netherlands,14,2,63,9,0.14,27.98,3.19,6.53,8.77,4.28,2.05
dg_NKK1,The Netherlands,17,2,66,6,0.09,17.87,1.91,10.42,9.37,1.71,5.46
dg_NKK2,The Netherlands,17,2,68,9,0.13,17.87,1.78,6.3,10.02,2.84,3.53
dg_NKK3,The Netherlands,16,2,65,7,0.11,16.92,2.17,6.5,7.79,2.6,2.99
dg_NKK4,The Netherlands,17,6,66,9,0.14,13.69,1.48,11.53,9.25,1.19,7.8
dg_NKK5,The Netherlands,15,7,64,9,0.14,14.7,1.95,5.49,7.52,2.68,2.81
dg_NKK6,The Netherlands,20,6,64,9,0.14,27.25,2.98,8.8,9.14,3.1,2.95
dg_NKK7,The Netherlands,18,5,61,6,0.1,22.26,2.06,6.26,10.79,3.55,3.04
dg_NKP2,The Netherlands,18,5,60,7,0.12,17,2.2,2.89,7.72,5.88,1.31
dg_NKP3,The Netherlands,19,5,80,13,0.16,11.59,0.93,6.45,12.44,1.8,6.92
dg_NKP4,The Netherlands,16,6,62,9,0.15,22.33,3.21,13.39,6.96,1.67,4.17
dg_NKP5,The Netherlands,13,5,61,8,0.13,22.46,3.92,10.45,5.72,2.15,2.66
dg_NKP6,The Netherlands,16,5,59,8,0.14,22.07,2.5,15.31,8.82,1.44,6.12
dg_VLB10,The Netherlands,18,4,59,5,0.08,18.81,2.5,9.63,7.53,1.95,3.85
dg_VLB2,The Netherlands,14,3,55,6,0.11,21.75,3.33,13.92,6.54,1.56,4.19
dg_VLB3,The Netherlands,15,2,63,7,0.11,21.03,1.8,16.64,11.65,1.26,9.22
dg_VLB5,The Netherlands,21,4,55,8,0.15,23.8,1.98,7.2,12.03,3.31,3.64
dg_VLB6,The Netherlands,20,3,56,7,0.13,19.01,2.11,7.65,9.02,2.48,3.63
dg_VLB7,The Netherlands,18,2,63,3,0.05,17.1,2.73,8.65,6.27,1.98,3.17
dg_VLB8,The Netherlands,14,1,63,4,0.06,27.77,2.03,10.96,13.7,2.53,5.41
dg_VLB9,The Netherlands,19,1,64,4,0.06,23.2,2.75,13.02,8.43,1.78,4.73
dg_VLE2,The Netherlands,18,2,65,6,0.09,16.69,2.58,14.64,6.48,1.14,5.68
dg_VLE3,The Netherlands,14,3,68,7,0.1,14.11,1.47,3.59,9.57,3.93,2.43
dg_VLE4,The Netherlands,16,2,61,9,0.15,20.59,2.26,13.11,9.12,1.57,5.8
dg_VLE5,The Netherlands,14,2,64,11,0.17,15.81,1.97,8.08,8.02,1.96,4.1
dg_VLG1,The Netherlands,17,1,66,9,0.14,15.2,2.12,14.64,7.16,1.04,6.89
dg_VLG2,The Netherlands,14,3,69,12,0.17,13.31,1.85,14.26,7.18,0.93,7.69
dg_VLG3,The Netherlands,23,1,64,6,0.09,23.03,2.65,17.24,8.7,1.34,6.51
dg_VLG4,The Netherlands,15,2,64,12,0.19,14.76,1.79,17.33,8.22,0.85,9.66
dg_VLG5,The Netherlands,14,2,67,10,0.15,12.89,1.44,12.35,8.93,1.04,8.56
it_09648302,The Netherlands,21,4,69,10,0.14,10.17,0.88,14.74,11.56,0.69,16.76
it_09648307,The Netherlands,19,2,70,6,0.09,11.36,1.23,10.42,9.27,1.09,8.49
it_09748502,The Netherlands,6,0,49,3,0.06,9.97,1.85,15.95,5.37,0.63,8.6
it_09949402,The Netherlands,20,1,70,8,0.11,16.78,1.15,13.55,14.54,1.24,11.74
it_10148901,The Netherlands,16,0,72,5,0.07,15.04,1.91,10.13,7.86,1.48,5.3
it_10251102,The Netherlands,12,2,48,10,0.21,9.41,0.27,5.74,35.3,1.64,21.53
it_10452101,The Netherlands,7,2,25,2,0.08,7.94,0.6,5.18,13.2,1.53,8.6
it_10551002,The Netherlands,27,1,73,4,0.05,14.56,1.45,9.2,10.04,1.58,6.35
it_10552604,The Netherlands,16,1,61,4,0.07,12.81,0.9,7.9,14.21,1.62,8.76
it_10552606,The Netherlands,14,0,64,5,0.08,10.54,1.19,12.85,8.84,0.82,10.78
it_10552610,The Netherlands,11,0,64,4,0.06,19.39,3.04,15.6,6.38,1.24,5.13
it_10552803,The Netherlands,9,5,18,6,0.33,15.61,1.95,15.09,8,1.03,7.74
it_10552805,The Netherlands,8,0,41,1,0.02,26.24,3.71,26.95,7.08,0.97,7.27
it_10552901,The Netherlands,8,4,28,5,0.18,22.31,2.78,21.48,8.04,1.04,7.74
it_10650303,The Netherlands,18,2,65,6,0.09,14.13,2.24,13.9,6.3,1.02,6.2
it_10650304,The Netherlands,36,4,76,5,0.07,14.87,1.82,12.03,8.16,1.24,6.61
it_10652402,The Netherlands,21,3,68,11,0.16,10.45,1.56,7.28,6.71,1.44,4.67
it_10652403,The Netherlands,7,3,68,6,0.09,14.05,1.23,5.84,11.42,2.41,4.75
it_10748803,The Netherlands,11,0,51,1,0.02,22.67,3.01,22.26,7.53,1.02,7.39
it_10748804,The Netherlands,23,4,72,11,0.15,8.24,0.88,9.03,9.33,0.91,10.22
it_10748806,The Netherlands,9,1,54,9,0.17,15.81,1.23,12.5,12.9,1.26,10.2
it_10751901,The Netherlands,15,3,64,6,0.09,10.84,2.6,7.55,4.17,1.44,2.9
it_10751902,The Netherlands,16,3,66,4,0.06,11.68,2.97,10.69,3.93,1.09,3.59
it_10753502,The Netherlands,13,4,67,13,0.19,10.05,0.67,7.02,15.07,1.43,10.53
it_10753505,The Netherlands,31,6,81,16,0.2,18.59,1.45,16.58,12.82,1.12,11.43
it_10850502,The Netherlands,25,2,62,3,0.05,16.88,1.42,13.9,11.85,1.21,9.76
it_10850503,The Netherlands,29,4,70,6,0.09,22.7,1.63,14.55,13.89,1.56,8.91
it_10850701,The Netherlands,23,3,73,8,0.11,14.34,1.15,8.86,12.43,1.62,7.68
it_10853501,The Netherlands,13,3,57,8,0.14,12.03,0.99,8.64,12.2,1.39,8.76
it_10853703,The Netherlands,28,6,74,14,0.19,14.88,1.41,11.8,10.59,1.26,8.4
it_10853705,The Netherlands,24,5,71,14,0.2,13.54,1.04,12.88,13,1.05,12.37
it_10950901,The Netherlands,30,6,71,11,0.15,16.5,3.09,14.97,5.33,1.1,4.84
it_10950905,The Netherlands,14,2,65,10,0.15,14.61,0.66,7.05,22.02,2.07,10.63
it_10950907,The Netherlands,13,1,64,3,0.05,13.2,1.3,20.63,10.19,0.64,15.92
it_10953701,The Netherlands,25,3,76,10,0.13,18.41,0.84,10.76,21.85,1.71,12.77
it_11048901,The Netherlands,22,0,69,4,0.06,22.31,3.62,26.27,6.15,0.85,7.25
it_11053501,The Netherlands,19,2,69,5,0.07,19.19,2.61,19.1,7.36,1,7.32
it_11055901,The Netherlands,22,4,66,12,0.18,15.56,1.94,12.26,8,1.27,6.3
it_11055902,The Netherlands,28,8,70,13,0.19,15.54,0.92,9.99,16.91,1.55,10.87
it_11055904,The Netherlands,10,1,74,14,0.19,12.51,0.87,12.48,14.4,1,14.36
it_11150401,The Netherlands,14,0,57,4,0.07,16.96,3.13,23.1,5.42,0.73,7.39
it_11150402,The Netherlands,4,0,75,15,0.2,15.77,2.34,11.33,6.75,1.39,4.85
it_11150404,The Netherlands,19,4,70,10,0.14,17.53,1.73,15.97,10.15,1.1,9.25
it_11152201,The Netherlands,15,0,63,2,0.03,16.78,3.46,30.68,4.85,0.55,8.88
it_11155701,The Netherlands,28,5,74,12,0.16,17.66,2.15,20.23,8.2,0.87,9.39
it_11156201,The Netherlands,12,1,64,4,0.06,11.62,2.31,6.36,5.03,1.83,2.75
it_11249701,The Netherlands,39,2,72,4,0.06,13.32,1.47,13.98,9.06,0.95,9.5
it_11252101,The Netherlands,14,0,69,4,0.06,12.22,2.96,27.61,4.13,0.44,9.34
it_11252207,The Netherlands,20,1,67,4,0.06,13.05,2.55,23.38,5.13,0.56,9.18
it_11255801,The Netherlands,10,4,67,12,0.18,12.19,1.57,15.99,7.77,0.76,10.19
it_11256201,The Netherlands,10,0,61,4,0.07,17.17,3.51,17.75,4.89,0.97,5.05
it_11256603,The Netherlands,18,2,66,5,0.08,17.09,1.87,7.9,9.14,2.16,4.23
it_11349802,The Netherlands,15,0,69,2,0.03,22.7,4.04,24.1,5.61,0.94,5.96
it_11349901,The Netherlands,16,2,67,3,0.04,14.76,2.22,16.77,6.65,0.88,7.55
it_11349903,The Netherlands,26,7,63,9,0.14,19.49,1.96,22.89,9.96,0.85,11.69
it_11350402,The Netherlands,25,4,68,6,0.09,20.16,2.47,17.76,8.16,1.13,7.19
it_11352701,The Netherlands,15,1,65,2,0.03,14.78,2.41,22.67,6.13,0.65,9.4
it_11450201,The Netherlands,12,0,62,4,0.06,15.99,3.03,22.28,5.28,0.72,7.36
it_11450301,The Netherlands,18,0,64,2,0.03,13.66,2.98,27.43,4.59,0.5,9.22
it_11453501,The Netherlands,21,2,73,4,0.05,13.2,1.47,14.71,8.95,0.9,9.97
it_11456301,The Netherlands,14,0,60,3,0.05,20.25,4.26,18.99,4.75,1.07,4.46
it_11457102,The Netherlands,15,4,84,19,0.23,16.74,1.84,12.62,9.1,1.33,6.86
it_11550205,The Netherlands,19,4,56,8,0.14,18.56,2.59,21.45,7.17,0.87,8.28
it_11550301,The Netherlands,17,3,67,6,0.09,17.93,2.66,16.79,6.73,1.07,6.3
it_11550303,The Netherlands,14,0,60,2,0.03,13.96,1.95,18.54,7.15,0.75,9.5
it_11550901,The Netherlands,13,0,61,4,0.07,25.16,1.69,3.01,14.87,8.37,1.78
it_11550902,The Netherlands,9,0,59,1,0.02,23.26,2.44,15.41,9.52,1.51,6.31
it_11551602,The Netherlands,13,2,65,9,0.14,17.06,2.44,18.2,7,0.94,7.47
it_11551604,The Netherlands,20,2,71,7,0.1,15.66,1.23,11.08,12.75,1.41,9.02
it_11552401,The Netherlands,14,1,63,2,0.03,13.7,2.06,20.3,6.66,0.67,9.87
it_11553501,The Netherlands,16,1,64,2,0.03,19.57,2.66,25.5,7.36,0.77,9.59
it_11556601,The Netherlands,15,3,69,4,0.06,13.6,1.77,17.23,7.67,0.79,9.72
it_11557001,The Netherlands,37,8,75,11,0.15,14.46,0.99,13.38,14.54,1.08,13.46
it_11557002,The Netherlands,29,7,75,18,0.24,19.79,1.19,12.23,16.62,1.62,10.27
it_11557004,The Netherlands,32,7,75,14,0.19,17.67,1.43,19.38,12.35,0.91,13.54
it_11648202,The Netherlands,8,0,64,2,0.03,18.31,1.85,4.81,9.9,3.81,2.6
it_11648205,The Netherlands,24,1,72,4,0.06,17.94,2.03,15.73,8.85,1.14,7.76
it_11654001,The Netherlands,12,1,77,14,0.18,12.46,1.62,20.7,7.68,0.6,12.76
it_11747901,The Netherlands,28,4,73,8,0.11,16.39,2.59,7.44,6.33,2.2,2.88
it_11747903,The Netherlands,14,2,69,12,0.17,10.76,0.75,9.27,14.4,1.16,12.41
it_11748001,The Netherlands,17,2,68,5,0.07,12.78,1.69,28.93,7.58,0.44,17.17
it_11754203,The Netherlands,7,0,46,1,0.02,29.46,4.36,9.79,6.75,3.01,2.24
it_11754205,The Netherlands,8,1,24,1,0.04,20.46,2.79,18.82,7.33,1.09,6.74
it_11757301,The Netherlands,11,9,20,10,0.5,17.99,2.44,20.53,7.37,0.88,8.41
it_11849701,The Netherlands,13,3,68,11,0.16,18.68,1.64,16.43,11.41,1.14,10.04
it_11849703,The Netherlands,18,2,62,5,0.08,13.72,1.47,10.75,9.34,1.28,7.32
it_11850901,The Netherlands,14,1,69,6,0.09,12.65,3.11,26.58,4.07,0.48,8.56
it_11856201,The Netherlands,21,1,66,3,0.05,15.54,2.64,15.57,5.89,1,5.91
it_11952601,The Netherlands,21,2,65,3,0.05,12.36,1.98,14.57,6.24,0.85,7.35
it_11956403,The Netherlands,8,0,58,2,0.03,23.38,4.5,30,5.2,0.78,6.67
it_11957302,The Netherlands,26,3,76,4,0.05,14.2,1.99,10.92,7.14,1.3,5.49
it_12252401,The Netherlands,20,2,69,4,0.06,15.99,1.4,15.7,11.44,1.02,11.23
it_12257201,The Netherlands,7,4,16,7,0.44,13.01,1.54,22.46,8.46,0.58,14.61
it_12257203,The Netherlands,7,3,14,6,0.43,18.15,2.07,21.35,8.77,0.85,10.32
it_12449403,The Netherlands,14,2,66,8,0.12,16.92,1.78,16.41,9.49,1.03,9.2
it_12449501,The Netherlands,11,0,68,8,0.12,12.87,1.21,11.24,10.68,1.15,9.32
it_12554601,The Netherlands,5,4,13,6,0.46,16.29,2.46,24.94,6.62,0.65,10.14
it_12750402,The Netherlands,14,1,59,10,0.17,18.18,1.51,7.23,12.07,2.51,4.8
it_12848701,The Netherlands,17,2,75,9,0.12,15.29,1.82,18.85,8.38,0.81,10.33
it_12948801,The Netherlands,23,2,70,9,0.13,11.02,2.08,22.02,5.3,0.5,10.59
it_12951101,The Netherlands,15,2,76,9,0.12,14,1.42,17.64,9.86,0.79,12.43
it_12951303,The Netherlands,18,0,65,4,0.06,16.45,3.54,31.25,4.64,0.53,8.81
it_13049301,The Netherlands,21,2,66,7,0.11,15.83,1.29,9.09,12.27,1.74,7.05
it_13150001,The Netherlands,13,1,62,15,0.24,11.83,0.66,11.19,17.82,1.06,16.86
it_13248303,The Netherlands,8,1,63,5,0.08,15.18,2.41,17.9,6.29,0.85,7.41
it_13248304,The Netherlands,12,1,68,4,0.06,21.7,3.78,33.26,5.75,0.65,8.81
it_13249401,The Netherlands,17,1,65,5,0.08,16.9,4.36,29.64,3.88,0.57,6.8
it_13254602,The Netherlands,9,0,58,2,0.03,18.77,3.83,23.77,4.9,0.79,6.2
it_13349402,The Netherlands,5,0,62,4,0.06,16.72,2.4,20.58,6.96,0.81,8.57
it_13447801,The Netherlands,7,0,60,2,0.03,14.39,2.96,28.38,4.87,0.51,9.6
it_13547803,The Netherlands,12,0,63,4,0.06,10.6,2.09,21.43,5.08,0.49,10.28
it_13647503,The Netherlands,22,2,61,4,0.07,19.78,2.22,8.43,8.89,2.35,3.79
it_13747601,The Netherlands,14,1,65,7,0.11,15.11,3.5,5.17,4.31,2.92,1.48
it_13846501,The Netherlands,13,0,62,2,0.03,24.44,3.86,29.94,6.33,0.82,7.75
it_13847601,The Netherlands,12,0,63,4,0.06,25.7,4.87,31.07,5.28,0.83,6.38
it_14147902,The Netherlands,32,2,77,5,0.06,13.27,2.53,23.83,5.25,0.56,9.43
it_14147905,The Netherlands,9,0,68,4,0.06,10.5,2.01,21.92,5.22,0.48,10.9
it_14252002,The Netherlands,22,2,71,4,0.06,14.35,2.93,31.04,4.89,0.46,10.58
it_14347001,The Netherlands,26,0,68,5,0.07,16,3.92,20.99,4.08,0.76,5.36
it_14347002,The Netherlands,5,3,58,29,0.5,15.17,0.98,16.87,15.53,0.9,17.27
it_14448002,The Netherlands,18,1,70,4,0.06,12.74,2.62,22.36,4.87,0.57,8.54
it_14448004,The Netherlands,16,1,58,4,0.07,11.66,1.29,5.76,9.04,2.02,4.47
it_14448006,The Netherlands,31,3,69,9,0.13,16.3,2.68,20.85,6.08,0.78,7.78
it_14451801,The Netherlands,22,4,70,7,0.1,23.09,2.03,24.57,11.37,0.94,12.1
it_14547701,The Netherlands,8,5,29,7,0.24,7.92,0.4,3.73,19.66,2.12,9.26
nt_BB01,The Netherlands,30,1,70,11,0.16,13.64,1.43,6.79,9.54,2.01,4.75
nt_BB02,The Netherlands,20,1,68,13,0.19,11.23,1.38,6.23,8.14,1.8,4.51
nt_BB03,The Netherlands,26,2,77,13,0.17,11.24,1.02,6.41,11.02,1.75,6.28
nt_BB04,The Netherlands,18,2,67,14,0.21,14.23,1.01,9.71,14.09,1.47,9.61
nt_DO02,The Netherlands,18,2,63,3,0.05,14.93,2.08,22.56,7.18,0.66,10.85
nt_DO03,The Netherlands,19,1,63,8,0.13,11.31,1.95,7.69,5.8,1.47,3.94
nt_DO04,The Netherlands,18,2,65,8,0.12,11.85,1.8,8.26,6.58,1.43,4.59
nt_DO05,The Netherlands,20,1,63,7,0.11,15.41,2.3,9.97,6.7,1.55,4.33
nt_DO06,The Netherlands,17,0,62,8,0.13,10.78,1.61,6.64,6.7,1.62,4.12
nt_DO07,The Netherlands,18,2,66,8,0.12,12.65,2.05,9.99,6.17,1.27,4.87
nt_DO09,The Netherlands,23,2,72,4,0.06,23.59,1.24,11.93,19.02,1.98,9.62
nt_DO10,The Netherlands,20,0,72,11,0.15,16.96,1.21,7.44,14.02,2.28,6.15
nt_DO11,The Netherlands,23,3,67,10,0.15,13.05,1.25,5.93,10.44,2.2,4.74
nt_DO12,The Netherlands,21,4,65,12,0.18,14.27,1.46,7.21,9.77,1.98,4.94
nt_DO13,The Netherlands,26,3,65,9,0.14,15.63,1.66,7.58,9.42,2.06,4.57
nt_DO14,The Netherlands,24,2,65,9,0.14,16.76,1.51,5.66,11.1,2.96,3.75
nt_DO16,The Netherlands,29,3,68,10,0.15,13.26,1.56,5.97,8.5,2.22,3.83
nt_DO17,The Netherlands,28,3,68,9,0.13,24.29,2.03,4.93,11.97,4.93,2.43
nt_DO18,The Netherlands,26,2,63,9,0.14,20.4,2.33,4.11,8.76,4.96,1.76
nt_DO20,The Netherlands,22,3,72,12,0.17,14.98,1.08,6.36,13.87,2.36,5.89
nt_DO23,The Netherlands,29,1,72,5,0.07,15.4,1.53,10.5,10.07,1.47,6.86
nt_DO24,The Netherlands,19,3,74,13,0.18,14.95,0.96,15.57,15.57,0.96,16.22
nt_DO25,The Netherlands,28,3,76,8,0.11,16.15,1.69,7.21,9.56,2.24,4.27
nt_DO26,The Netherlands,17,1,71,9,0.13,16.37,1.91,6.71,8.57,2.44,3.51
nt_DO27,The Netherlands,26,2,64,7,0.11,15.75,1.09,9.45,14.45,1.67,8.67
nt_DO28,The Netherlands,20,2,70,6,0.09,16.66,1.69,6.69,9.86,2.49,3.96
nt_DO29,The Netherlands,20,1,71,12,0.17,14.9,1.1,5.58,13.55,2.67,5.07
nt_DO31,The Netherlands,23,1,68,7,0.1,14.36,2.13,8.53,6.74,1.68,4
nt_DO32,The Netherlands,33,1,71,8,0.11,12.03,1.66,8.06,7.25,1.49,4.86
nt_EH12,The Netherlands,15,1,68,5,0.07,16.36,1.92,4.59,8.52,3.56,2.39
nt_EH13,The Netherlands,15,1,63,5,0.08,17.02,2.27,5.34,7.5,3.19,2.35
nt_EH14,The Netherlands,18,1,68,5,0.07,14.03,2.09,6.38,6.71,2.2,3.05
nt_RV01,The Netherlands,20,2,68,11,0.16,13.54,1.62,6.66,8.36,2.03,4.11
nt_RV02,The Netherlands,11,0,68,7,0.1,13.82,2.34,8.02,5.91,1.72,3.43
nt_RV03,The Netherlands,21,1,74,8,0.11,11.41,1.46,6.74,7.82,1.69,4.62
nt_SH01,The Netherlands,12,2,75,16,0.21,11.35,0.67,7.17,16.94,1.58,10.7
nt_SH02,The Netherlands,15,2,73,16,0.22,11.37,0.73,7.91,15.58,1.44,10.84
nt_SP01,The Netherlands,32,6,78,17,0.22,14.76,0.94,6.51,15.7,2.27,6.93
nt_SP02,The Netherlands,22,1,69,8,0.12,13.09,1.08,8.2,12.12,1.6,7.59
nt_SP03,The Netherlands,43,7,75,13,0.17,13.13,0.92,9.58,14.27,1.37,10.41
nt_UZ02,The Netherlands,13,5,64,14,0.22,13.19,1.06,9.29,12.44,1.42,8.76
nt_UZ03,The Netherlands,15,2,70,14,0.2,23.77,1.35,20.16,17.61,1.18,14.93
nt_UZ04,The Netherlands,27,8,74,18,0.24,25.02,1.08,12.32,23.17,2.03,11.41
nt_UZ05,The Netherlands,14,7,59,16,0.27,19.41,0.7,8.98,27.73,2.16,12.83
nt_UZ06,The Netherlands,20,8,62,19,0.31,21.16,0.97,11.97,21.81,1.77,12.34
nt_UZ07,The Netherlands,23,10,66,18,0.27,20.03,0.81,12.88,24.73,1.56,15.9
nt_UZ08,The Netherlands,35,8,73,18,0.25,13.05,0.74,12.45,17.64,1.05,16.82
nt_UZ09,The Netherlands,31,6,74,15,0.2,16.51,1.03,16.2,16.03,1.02,15.73
nt_UZ10,The Netherlands,14,1,67,13,0.19,9.12,1.06,9.15,8.6,1,8.63
nt_UZ11,The Netherlands,17,1,72,15,0.21,8.91,1.3,8.13,6.85,1.1,6.25
nt_UZ12,The Netherlands,20,2,73,13,0.18,25.54,1.15,14.48,22.21,1.76,12.59
nt_UZ13,The Netherlands,11,1,75,13,0.17,21.1,1.92,19.2,10.99,1.1,10
nt_UZ14,The Netherlands,8,0,58,6,0.1,13.39,2.96,24.83,4.52,0.54,8.39
nt_UZ19,The Netherlands,12,0,73,5,0.07,16.8,2.45,11.54,6.86,1.46,4.71
nt_WP1,The Netherlands,13,1,62,8,0.13,15.5,4.09,26.97,3.79,0.57,6.6
nt_WP2,The Netherlands,10,1,55,4,0.07,15.8,3.98,25.78,3.97,0.61,6.48
nt_WR1,The Netherlands,4,0,9,2,0.22,14.5,1.82,8.34,7.97,1.74,4.58
nt_WR2,The Netherlands,2,0,75,17,0.23,14.4,1.38,8.52,10.43,1.69,6.18
nt_WR3,The Netherlands,4,0,65,8,0.12,14.3,1.22,7.5,11.72,1.91,6.15
nt_YG1,The Netherlands,8,1,67,3,0.04,12,2.5,21.44,4.8,0.56,8.58
nt_YG2,The Netherlands,7,1,61,3,0.05,11.4,3.03,19.72,3.76,0.58,6.51
nt_YP1,The Netherlands,12,2,54,6,0.11,12,1.91,21.88,6.28,0.55,11.45
nt_YP2,The Netherlands,6,1,69,9,0.13,12,2.14,21.92,5.61,0.55,10.24
nt_YR1,The Netherlands,9,0,40,2,0.05,15,1.73,9.6,8.67,1.56,5.55
nt_YR2,The Netherlands,9,0,30,3,0.1,13,1.75,11.2,7.43,1.16,6.4
wi_N1,The Netherlands,23,3,73,14,0.19,15.96,1.79,4.7,8.92,3.39,2.63
wi_N10,The Netherlands,24,4,68,12,0.18,15.23,0.99,11.44,15.4,1.33,11.57
wi_N11,The Netherlands,22,3,70,14,0.2,12.2,1.92,5.06,6.36,2.41,2.64
wi_N12,The Netherlands,22,2,76,14,0.18,16.86,1.39,4.95,12.1,3.4,3.55
wi_N13,The Netherlands,18,3,72,16,0.22,12.7,1.57,15.42,8.11,0.82,9.84
wi_N14,The Netherlands,14,3,69,20,0.29,8.72,0.65,12.82,13.51,0.68,19.87
wi_N16,The Netherlands,8,3,64,13,0.2,15.14,1.53,12.91,9.91,1.17,8.46
wi_N17,The Netherlands,8,3,64,15,0.23,12.72,1.62,14.55,7.85,0.87,8.98
wi_N18,The Netherlands,12,2,68,15,0.22,10.03,1.51,11.26,6.62,0.89,7.43
wi_N19,The Netherlands,10,1,65,14,0.22,8.9,1.05,9.05,8.44,0.98,8.59
wi_N2,The Netherlands,26,3,75,9,0.12,15.04,1.16,8.54,13.01,1.76,7.39
wi_N21,The Netherlands,16,4,69,20,0.29,14.25,0.96,12.8,14.78,1.11,13.28
wi_N22,The Netherlands,18,5,66,16,0.24,17.37,1.22,13.66,14.24,1.27,11.2
wi_N23,The Netherlands,21,8,64,16,0.25,13.33,1,4.59,13.37,2.9,4.6
wi_N24,The Netherlands,29,8,71,15,0.21,10.15,0.86,15.12,11.74,0.67,17.48
wi_N25,The Netherlands,24,8,63,19,0.3,10.22,0.39,14.95,26.01,0.68,38.03
wi_N26,The Netherlands,23,5,71,17,0.24,14.24,0.75,5,18.87,2.85,6.63
wi_N27,The Netherlands,22,8,76,23,0.3,11.61,0.56,11.34,20.84,1.02,20.35
wi_N28,The Netherlands,20,9,70,19,0.27,12.22,0.55,13.21,22.04,0.93,23.82
wi_N29,The Netherlands,23,5,74,22,0.3,14.54,0.66,4.44,22.04,3.27,6.74
wi_N3,The Netherlands,18,1,68,5,0.07,18.16,2.11,4.28,8.62,4.24,2.03
wi_N30,The Netherlands,14,3,64,21,0.33,12.57,0.58,5.71,21.48,2.2,9.76
wi_N31,The Netherlands,10,2,62,15,0.24,16.87,0.81,3.16,20.85,5.34,3.91
wi_N32,The Netherlands,15,3,65,17,0.26,13.54,0.75,3.2,18.13,4.23,4.28
wi_N33,The Netherlands,13,3,63,21,0.33,17.65,0.83,2.39,21.2,7.38,2.87
wi_N34,The Netherlands,10,6,49,15,0.31,12.53,0.46,4.36,27.38,2.87,9.53
wi_N35,The Netherlands,17,3,67,17,0.25,17.1,0.77,2.67,22.17,6.42,3.46
wi_N36,The Netherlands,13,7,56,24,0.43,9.78,0.53,8.28,18.59,1.18,15.73
wi_N37,The Netherlands,22,8,63,20,0.32,11.66,0.68,4.56,17.13,2.56,6.69
wi_N38,The Netherlands,18,1,69,15,0.22,12.35,0.78,5.46,15.9,2.26,7.04
wi_N39,The Netherlands,17,2,66,14,0.21,9.13,0.67,2.51,13.56,3.64,3.72
wi_N4,The Netherlands,17,2,67,10,0.15,14.48,1.18,4.51,12.3,3.21,3.83
wi_N40,The Netherlands,9,0,57,8,0.14,12.22,1.56,11.19,7.84,1.09,7.18
wi_N41,The Netherlands,27,6,77,25,0.32,11.29,0.71,9.71,15.9,1.16,13.67
wi_N42,The Netherlands,11,8,58,28,0.48,12,0.68,10.85,17.52,1.11,15.84
wi_N43,The Netherlands,16,1,80,7,0.09,8.56,1.04,5.09,8.2,1.68,4.87
wi_N44,The Netherlands,29,7,76,14,0.18,13.54,1.07,3.89,12.7,3.48,3.65
wi_N5,The Netherlands,26,5,70,10,0.14,14.48,1.93,5.32,7.48,2.72,2.75
wi_N6,The Netherlands,26,7,68,10,0.15,15.74,2.46,3.7,6.41,4.25,1.51
wi_N7,The Netherlands,21,3,67,7,0.1,18.87,3.04,8.7,6.2,2.17,2.86
wi_N8,The Netherlands,26,4,69,12,0.17,11.7,1.19,4.6,9.85,2.54,3.88
wi_N9,The Netherlands,17,2,69,13,0.19,14.39,1.29,3.63,11.14,3.97,2.81
